<?xml version="1.0" encoding="UTF-8"?>
<jcr:root xmlns:sling="http://sling.apache.org/jcr/sling/1.0" xmlns:cq="http://www.day.com/jcr/cq/1.0" xmlns:jcr="http://www.jcp.org/jcr/1.0" xmlns:nt="http://www.jcp.org/jcr/nt/1.0"
    jcr:primaryType="cq:Page">
    <jcr:content jcr:primaryType="nt:unstructured">
        <content jcr:primaryType="nt:unstructured">
            <single jcr:primaryType="nt:unstructured">
                <content jcr:primaryType="nt:unstructured">
                    <items jcr:primaryType="nt:unstructured">
                        <content jcr:primaryType="nt:unstructured">
                            <items jcr:primaryType="nt:unstructured">
                                <tabs jcr:primaryType="nt:unstructured">
                                    <items jcr:primaryType="nt:unstructured">
                                        <documentation
                                            jcr:primaryType="nt:unstructured"
                                            sling:orderBefore="fixedColumnContainer"/>
                                    </items>
                                </tabs>
                            </items>
                        </content>
                    </items>
                </content>
            </single>
        </content>
    </jcr:content>
</jcr:root>
